Name,Asset__c,Vibration__c,Temperature__c,Machine_Age_Months__c,Hours_Since_Service__c
CNC-Alpha-01-Tel,02igL000001Htp7QAC,2.1,45.2,12,150
CNC-Alpha-01-Tel,02igL000001Htp8QAC,2.4,46.8,12,180
CNC-Alpha-01-Tel,02igL000001Htp9QAC,8.9,82.4,14,450
CNC-Beta-05-Tel,02igL000001HtpAQAS,1.8,42.1,6,80
CNC-Beta-05-Tel,02igL000001HtpBQAS,3.2,55,6,210
CNC-Gamma-09-Tel,02igL000001HtpCQAS,7.5,78.2,24,600
CNC-Delta-02-Tel,02igL000001HtpDQAS,2,44.5,3,45
CNC-Alpha-01-Tel,02igL000001HtpEQAS,9.2,85.1,14,480
CNC-Beta-05-Tel,02igL000001HtpFQAS,2.1,43.9,6,300
CNC-Gamma-09-Tel,02igL000001HtpGQAS,8.1,79.5,24,620
CNC-Alpha-01-Tel,02igL000001HtpHQAS,2.5,47,12,200
CNC-Delta-02-Tel,02igL000001HtpIQAS,2.2,46.1,3,60
CNC-Beta-05-Tel,02igL000001HtpJQAS,3.5,58.2,7,240
CNC-Gamma-09-Tel,02igL000001HtpKQAS,7.9,81,25,650
CNC-Alpha-01-Tel,02igL000001HtpLQAS,2.3,45.9,13,250
CNC-Delta-02-Tel,02igL000001HtpMQAS,2.1,44.8,4,85
CNC-Beta-05-Tel,02igL000001HtpNQAS,9.1,88.4,7,350
CNC-Alpha-01-Tel,02igL000001HtpOQAS,2.6,48.2,13,280
CNC-Gamma-09-Tel,02igL000001HtpPQAS,1.9,41.5,25,50
CNC-Delta-02-Tel,02igL000001HtpQQAS,2.4,47.5,4,110
CNC-Beta-05-Tel,02igL000001Htp7QAC,2.8,50.1,8,400
CNC-Alpha-01-Tel,02igL000001Htp8QAC,8.5,80.6,15,500
CNC-Gamma-09-Tel,02igL000001Htp9QAC,2,42.8,26,100
CNC-Delta-02-Tel,02igL000001HtpAQAS,8.2,79.1,5,300
CNC-Beta-05-Tel,02igL000001HtpBQAS,2.5,46.7,8,450
CNC-Alpha-01-Tel,02igL000001HtpCQAS,2.2,44.9,15,550
CNC-Gamma-09-Tel,02igL000001HtpDQAS,7.2,76.4,26,700
CNC-Delta-02-Tel,02igL000001HtpEQAS,2.3,45.5,5,320
CNC-Beta-05-Tel,02igL000001HtpFQAS,2.7,49.8,9,500
CNC-Alpha-01-Tel,02igL000001HtpGQAS,9.5,89.2,16,600
CNC-Gamma-09-Tel,02igL000001HtpHQAS,8.3,59.2,12,80
CNC-Gamma-09-Tel,02igL000001HtpIQAS,3.9,57.8,13,690
CNC-Beta-05-Tel,02igL000001HtpJQAS,6.5,71.4,16,629
CNC-Delta-02-Tel,02igL000001HtpKQAS,7.4,75.8,23,530
CNC-Beta-05-Tel,02igL000001HtpLQAS,5.6,77,9,569
CNC-Delta-02-Tel,02igL000001HtpMQAS,3.1,62.5,9,706
CNC-Delta-02-Tel,02igL000001HtpNQAS,4,76.5,15,571
CNC-Alpha-01-Tel,02igL000001HtpOQAS,5.6,80,10,95
CNC-Beta-05-Tel,02igL000001HtpPQAS,7.6,82.5,3,611
CNC-Delta-02-Tel,02igL000001HtpQQAS,4.9,83.1,10,234
CNC-Beta-05-Tel,02igL000001Htp7QAC,2.4,40.7,15,529
CNC-Alpha-01-Tel,02igL000001Htp8QAC,9.4,84.2,6,743
CNC-Beta-05-Tel,02igL000001Htp9QAC,8.2,76.3,15,254
CNC-Delta-02-Tel,02igL000001HtpAQAS,5.3,40.5,3,616
CNC-Beta-05-Tel,02igL000001HtpBQAS,7.2,46.8,10,323
CNC-Alpha-01-Tel,02igL000001HtpCQAS,6.4,68.9,4,719
CNC-Gamma-09-Tel,02igL000001HtpDQAS,4.4,64.1,7,737
CNC-Alpha-01-Tel,02igL000001HtpEQAS,2.6,73.6,10,61
CNC-Gamma-09-Tel,02igL000001HtpFQAS,7,61.5,22,359
CNC-Alpha-01-Tel,02igL000001HtpGQAS,5.7,57.1,11,716
CNC-Alpha-01-Tel,02igL000001HtpHQAS,6.5,89.2,25,465
CNC-Beta-05-Tel,02igL000001HtpIQAS,6.8,48.3,26,310
CNC-Alpha-01-Tel,02igL000001HtpJQAS,2.2,77.8,8,599
CNC-Beta-05-Tel,02igL000001HtpKQAS,8.9,56.9,24,638
CNC-Alpha-01-Tel,02igL000001HtpLQAS,9.7,51.4,24,436
CNC-Beta-05-Tel,02igL000001HtpMQAS,3.1,69.6,12,200
CNC-Alpha-01-Tel,02igL000001HtpNQAS,9,86.7,23,65
CNC-Beta-05-Tel,02igL000001HtpOQAS,2.2,70.9,9,675
CNC-Beta-05-Tel,02igL000001HtpPQAS,3,60.3,5,541
CNC-Beta-05-Tel,02igL000001HtpQQAS,2.1,41.2,21,261
CNC-Alpha-01-Tel,02igL000001Htp7QAC,5.4,52.2,13,233
CNC-Gamma-09-Tel,02igL000001Htp8QAC,2.2,53.8,5,395
CNC-Beta-05-Tel,02igL000001Htp9QAC,1.7,72.3,24,101
CNC-Delta-02-Tel,02igL000001HtpAQAS,4.6,63.7,14,77
CNC-Delta-02-Tel,02igL000001HtpBQAS,1.9,76,14,632
CNC-Delta-02-Tel,02igL000001HtpCQAS,5.4,71.5,26,505
CNC-Alpha-01-Tel,02igL000001HtpDQAS,1.6,66.6,20,629
CNC-Gamma-09-Tel,02igL000001HtpEQAS,6.5,68.2,4,193
CNC-Alpha-01-Tel,02igL000001HtpFQAS,9.2,70.5,26,281
CNC-Delta-02-Tel,02igL000001HtpGQAS,2.8,55,23,600
CNC-Gamma-09-Tel,02igL000001HtpHQAS,7.5,46.3,4,42
CNC-Alpha-01-Tel,02igL000001HtpIQAS,9.6,81.7,24,369
CNC-Beta-05-Tel,02igL000001HtpJQAS,3.9,52.9,24,120
CNC-Delta-02-Tel,02igL000001HtpKQAS,9.6,60.4,26,694
CNC-Gamma-09-Tel,02igL000001HtpLQAS,2.5,79.9,7,282
CNC-Beta-05-Tel,02igL000001HtpMQAS,7.7,85.9,22,561
CNC-Beta-05-Tel,02igL000001HtpNQAS,4.5,76.2,7,299
CNC-Beta-05-Tel,02igL000001HtpOQAS,1.9,44.5,4,340
CNC-Gamma-09-Tel,02igL000001HtpPQAS,5.8,68.7,11,357
CNC-Delta-02-Tel,02igL000001HtpQQAS,4.8,63.4,7,515
CNC-Beta-05-Tel,02igL000001Htp7QAC,8.6,54.8,17,346
CNC-Beta-05-Tel,02igL000001Htp8QAC,4.7,52.3,17,389
CNC-Beta-05-Tel,02igL000001Htp9QAC,2.7,52,24,84
CNC-Alpha-01-Tel,02igL000001HtpAQAS,3.8,80,17,512
CNC-Delta-02-Tel,02igL000001HtpBQAS,5.8,55.4,9,342
CNC-Delta-02-Tel,02igL000001HtpCQAS,9.3,67.9,4,168
CNC-Beta-05-Tel,02igL000001HtpDQAS,4.5,68.4,21,145
CNC-Gamma-09-Tel,02igL000001HtpEQAS,7.5,72.9,16,108
CNC-Gamma-09-Tel,02igL000001HtpFQAS,3.7,44.3,22,589
CNC-Alpha-01-Tel,02igL000001HtpGQAS,6.5,63.7,9,161
CNC-Beta-05-Tel,02igL000001HtpHQAS,3.9,80.2,15,562
CNC-Beta-05-Tel,02igL000001HtpIQAS,6.3,63.6,12,264
CNC-Gamma-09-Tel,02igL000001HtpJQAS,6.6,80.1,22,610
CNC-Delta-02-Tel,02igL000001HtpKQAS,2.8,89,3,405
CNC-Alpha-01-Tel,02igL000001HtpLQAS,8,42.1,18,607
CNC-Alpha-01-Tel,02igL000001HtpMQAS,2.9,83.2,26,609
CNC-Gamma-09-Tel,02igL000001HtpNQAS,5.1,73.9,7,466
CNC-Alpha-01-Tel,02igL000001HtpOQAS,4.3,43.2,25,470
CNC-Gamma-09-Tel,02igL000001HtpPQAS,3.8,48.1,15,228
CNC-Gamma-09-Tel,02igL000001HtpQQAS,6.6,75.4,8,493
CNC-Delta-02-Tel,02igL000001Htp7QAC,3.2,77,16,107
CNC-Alpha-01-Tel,02igL000001Htp8QAC,5.7,54.2,17,744
CNC-Beta-05-Tel,02igL000001Htp9QAC,2.6,77,18,339
CNC-Gamma-09-Tel,02igL000001HtpAQAS,3,65.2,22,200
CNC-Alpha-01-Tel,02igL000001HtpBQAS,9.6,59,17,415
CNC-Beta-05-Tel,02igL000001HtpCQAS,4,57,20,165
CNC-Alpha-01-Tel,02igL000001HtpDQAS,8.8,72.3,6,576
CNC-Beta-05-Tel,02igL000001HtpEQAS,5.2,60.6,15,407
CNC-Delta-02-Tel,02igL000001HtpFQAS,2,87.8,22,164
CNC-Alpha-01-Tel,02igL000001HtpGQAS,5.1,87.1,24,369
CNC-Beta-05-Tel,02igL000001HtpHQAS,2.2,48.2,11,436
CNC-Beta-05-Tel,02igL000001HtpIQAS,3.5,47.7,8,665
CNC-Delta-02-Tel,02igL000001HtpJQAS,9.2,51.6,8,613
CNC-Gamma-09-Tel,02igL000001HtpKQAS,6.5,46.2,19,78
CNC-Beta-05-Tel,02igL000001HtpLQAS,1.7,53.6,16,52
CNC-Delta-02-Tel,02igL000001HtpMQAS,2,52.1,7,365
CNC-Delta-02-Tel,02igL000001HtpNQAS,6.2,54.2,8,280
CNC-Delta-02-Tel,02igL000001HtpOQAS,9,41.1,8,382
CNC-Delta-02-Tel,02igL000001HtpPQAS,5.2,78.6,13,150
CNC-Delta-02-Tel,02igL000001HtpQQAS,9.6,86.7,26,460
CNC-Beta-05-Tel,02igL000001Htp7QAC,6.7,68.4,13,74
CNC-Alpha-01-Tel,02igL000001Htp8QAC,3.1,83.6,12,744
CNC-Delta-02-Tel,02igL000001Htp9QAC,6.3,53.3,21,522
CNC-Gamma-09-Tel,02igL000001HtpAQAS,6.3,58.1,5,84
CNC-Gamma-09-Tel,02igL000001HtpBQAS,1.8,60.3,6,559
CNC-Gamma-09-Tel,02igL000001HtpCQAS,3.4,81.5,11,693
CNC-Delta-02-Tel,02igL000001HtpDQAS,6.5,59.2,18,315
CNC-Beta-05-Tel,02igL000001HtpEQAS,8,72.1,15,137
CNC-Gamma-09-Tel,02igL000001HtpFQAS,3.2,72.5,20,747
CNC-Gamma-09-Tel,02igL000001HtpGQAS,9.8,89.8,4,570
CNC-Beta-05-Tel,02igL000001HtpHQAS,7,82.8,8,668
CNC-Beta-05-Tel,02igL000001HtpIQAS,6.9,59.8,26,173
CNC-Delta-02-Tel,02igL000001HtpJQAS,5.4,49.9,21,317
CNC-Alpha-01-Tel,02igL000001HtpKQAS,6,73.4,6,46
CNC-Gamma-09-Tel,02igL000001HtpLQAS,4.8,62.1,8,78
CNC-Alpha-01-Tel,02igL000001HtpMQAS,3.2,44.9,10,316
CNC-Beta-05-Tel,02igL000001HtpNQAS,3.2,85.8,12,618
CNC-Delta-02-Tel,02igL000001HtpOQAS,7,80.4,6,375
CNC-Beta-05-Tel,02igL000001HtpPQAS,1.6,67,26,105
CNC-Beta-05-Tel,02igL000001HtpQQAS,3.4,77.3,4,239
CNC-Alpha-01-Tel,02igL000001Htp7QAC,7.4,69,22,673
CNC-Delta-02-Tel,02igL000001Htp8QAC,6.7,85.7,6,183
CNC-Alpha-01-Tel,02igL000001Htp9QAC,9,52.2,16,484
CNC-Delta-02-Tel,02igL000001HtpAQAS,9.7,67.5,15,653
CNC-Alpha-01-Tel,02igL000001HtpBQAS,9.2,57.7,14,437
CNC-Beta-05-Tel,02igL000001HtpCQAS,9.3,64.4,19,128
CNC-Delta-02-Tel,02igL000001HtpDQAS,5.6,72.2,3,201
CNC-Gamma-09-Tel,02igL000001HtpEQAS,2.5,68.3,3,60
CNC-Delta-02-Tel,02igL000001HtpFQAS,8.4,58,22,599
CNC-Delta-02-Tel,02igL000001HtpGQAS,8.6,40.4,13,528
CNC-Gamma-09-Tel,02igL000001HtpHQAS,4,71.7,12,242
CNC-Gamma-09-Tel,02igL000001HtpIQAS,6.6,74.3,19,478
CNC-Alpha-01-Tel,02igL000001HtpJQAS,2.9,61.4,17,552
CNC-Delta-02-Tel,02igL000001HtpKQAS,3.1,83.5,11,225
CNC-Alpha-01-Tel,02igL000001HtpLQAS,6.5,65,23,612
CNC-Beta-05-Tel,02igL000001HtpMQAS,5.7,63.5,6,454
CNC-Delta-02-Tel,02igL000001HtpNQAS,4.5,79,6,368
CNC-Alpha-01-Tel,02igL000001HtpOQAS,6.4,62.4,20,175
CNC-Delta-02-Tel,02igL000001HtpPQAS,5.4,66.8,19,372
CNC-Delta-02-Tel,02igL000001HtpQQAS,7.6,62,9,721
CNC-Gamma-09-Tel,02igL000001Htp7QAC,9,66.2,5,348
CNC-Gamma-09-Tel,02igL000001Htp8QAC,5.6,60,10,200
CNC-Beta-05-Tel,02igL000001Htp9QAC,7.1,72.7,16,521
CNC-Beta-05-Tel,02igL000001HtpAQAS,8.2,88.7,4,569
CNC-Alpha-01-Tel,02igL000001HtpBQAS,4.7,63.7,19,483
CNC-Delta-02-Tel,02igL000001HtpCQAS,2.9,68.3,26,439
CNC-Alpha-01-Tel,02igL000001HtpDQAS,5,45.8,17,230
CNC-Gamma-09-Tel,02igL000001HtpEQAS,4.6,81.9,21,49
CNC-Gamma-09-Tel,02igL000001HtpFQAS,7.9,46.9,26,217
CNC-Gamma-09-Tel,02igL000001HtpGQAS,2.8,77.4,3,194
CNC-Beta-05-Tel,02igL000001HtpHQAS,8.4,55.4,21,56
CNC-Delta-02-Tel,02igL000001HtpIQAS,4.6,63.8,17,103
CNC-Gamma-09-Tel,02igL000001HtpJQAS,6.6,44,23,476
CNC-Alpha-01-Tel,02igL000001HtpKQAS,1.6,42,25,254
CNC-Alpha-01-Tel,02igL000001HtpLQAS,1.7,72.8,10,77
CNC-Gamma-09-Tel,02igL000001HtpMQAS,2.4,81.2,9,130
CNC-Gamma-09-Tel,02igL000001HtpNQAS,5.4,62,19,672
CNC-Beta-05-Tel,02igL000001HtpOQAS,3.5,73.4,19,205
CNC-Gamma-09-Tel,02igL000001HtpPQAS,3.1,42.3,13,273
CNC-Beta-05-Tel,02igL000001HtpQQAS,7.5,83,22,674
CNC-Delta-02-Tel,02igL000001Htp7QAC,2,52.6,21,159
CNC-Gamma-09-Tel,02igL000001Htp8QAC,1.5,88.9,11,565
CNC-Delta-02-Tel,02igL000001Htp9QAC,8.4,67,5,171
CNC-Alpha-01-Tel,02igL000001HtpAQAS,6.1,57.4,20,409
CNC-Alpha-01-Tel,02igL000001HtpBQAS,9.1,50.4,10,433
CNC-Beta-05-Tel,02igL000001HtpCQAS,2.9,83.4,9,488
CNC-Delta-02-Tel,02igL000001HtpDQAS,2.1,49.1,15,644
CNC-Delta-02-Tel,02igL000001HtpEQAS,1.8,41.6,23,249
CNC-Beta-05-Tel,02igL000001HtpFQAS,6.6,83.7,16,502
CNC-Gamma-09-Tel,02igL000001HtpGQAS,4.4,67.3,9,451
CNC-Beta-05-Tel,02igL000001HtpHQAS,8.1,88.5,17,245
CNC-Gamma-09-Tel,02igL000001HtpIQAS,8.8,65.7,9,624
CNC-Gamma-09-Tel,02igL000001HtpJQAS,7.4,44.2,25,198
CNC-Gamma-09-Tel,02igL000001HtpKQAS,5.9,60,7,608
CNC-Gamma-09-Tel,02igL000001HtpLQAS,3.6,80.5,7,242
CNC-Gamma-09-Tel,02igL000001HtpMQAS,7,53.2,22,652
CNC-Alpha-01-Tel,02igL000001HtpNQAS,6.8,66.5,6,351
CNC-Beta-05-Tel,02igL000001HtpOQAS,4.7,85.8,19,695
CNC-Delta-02-Tel,02igL000001HtpPQAS,6.4,65.2,3,78
CNC-Beta-05-Tel,02igL000001HtpQQAS,7.7,73,13,726
CNC-Beta-05-Tel,02igL000001Htp7QAC,1.9,75.6,10,266
CNC-Delta-02-Tel,02igL000001Htp8QAC,2.1,54.2,6,448
CNC-Delta-02-Tel,02igL000001Htp9QAC,2.4,60.6,20,64
CNC-Alpha-01-Tel,02igL000001HtpAQAS,6.3,84.7,25,81
CNC-Beta-05-Tel,02igL000001HtpBQAS,7.7,72.1,21,627
CNC-Gamma-09-Tel,02igL000001HtpCQAS,3.2,52.6,12,457
CNC-Delta-02-Tel,02igL000001HtpDQAS,2.6,86.1,7,708
CNC-Delta-02-Tel,02igL000001HtpEQAS,3.1,75.8,17,507
CNC-Gamma-09-Tel,02igL000001HtpFQAS,5.2,42.3,4,404
CNC-Beta-05-Tel,02igL000001HtpGQAS,3.4,71.9,13,316
CNC-Beta-05-Tel,02igL000001HtpHQAS,6.8,83.2,5,48
CNC-Beta-05-Tel,02igL000001HtpIQAS,3.1,81.2,24,635
CNC-Beta-05-Tel,02igL000001HtpJQAS,2.8,55.6,15,647
CNC-Delta-02-Tel,02igL000001HtpKQAS,7.5,72.7,10,522
CNC-Gamma-09-Tel,02igL000001HtpLQAS,2.4,62.5,22,59
CNC-Delta-02-Tel,02igL000001HtpMQAS,4.1,64.8,19,466
CNC-Alpha-01-Tel,02igL000001HtpNQAS,7.7,77.4,12,657
CNC-Delta-02-Tel,02igL000001HtpOQAS,8,76.8,21,56
CNC-Gamma-09-Tel,02igL000001HtpPQAS,9.2,41.6,11,81
CNC-Gamma-09-Tel,02igL000001HtpQQAS,7.7,75.2,20,450
CNC-Delta-02-Tel,02igL000001Htp7QAC,7.1,74.1,9,733
CNC-Alpha-01-Tel,02igL000001Htp8QAC,2.2,50.4,21,86
CNC-Alpha-01-Tel,02igL000001Htp9QAC,5.5,86.5,18,74
CNC-Alpha-01-Tel,02igL000001HtpAQAS,7.6,41.9,10,546
CNC-Delta-02-Tel,02igL000001HtpBQAS,1.8,47.3,7,410
CNC-Beta-05-Tel,02igL000001HtpCQAS,2.6,70.5,7,700
CNC-Gamma-09-Tel,02igL000001HtpDQAS,3,54.7,4,520
CNC-Beta-05-Tel,02igL000001HtpEQAS,3,61.4,7,301
CNC-Alpha-01-Tel,02igL000001HtpFQAS,8.3,48.5,15,748
CNC-Alpha-01-Tel,02igL000001HtpGQAS,3.2,58.4,14,579
CNC-Delta-02-Tel,02igL000001HtpHQAS,6.2,43.2,6,402
CNC-Gamma-09-Tel,02igL000001HtpIQAS,2.1,64.1,14,117
CNC-Delta-02-Tel,02igL000001HtpJQAS,2.9,59.5,7,618
CNC-Beta-05-Tel,02igL000001HtpKQAS,1.9,87.7,10,490
CNC-Alpha-01-Tel,02igL000001HtpLQAS,6.2,78.6,20,145
CNC-Delta-02-Tel,02igL000001HtpMQAS,8.1,84,8,668
CNC-Delta-02-Tel,02igL000001HtpNQAS,3.2,80.5,14,657
CNC-Alpha-01-Tel,02igL000001HtpOQAS,1.9,61.2,11,720
CNC-Alpha-01-Tel,02igL000001HtpPQAS,7.4,88.9,20,350
CNC-Delta-02-Tel,02igL000001HtpQQAS,5.3,58.1,21,410
CNC-Alpha-01-Tel,02igL000001Htp7QAC,7,83.6,18,572
CNC-Beta-05-Tel,02igL000001Htp8QAC,2,61,22,280
CNC-Alpha-01-Tel,02igL000001Htp9QAC,1.5,86.4,20,521
CNC-Delta-02-Tel,02igL000001HtpAQAS,8.9,79.6,3,286
CNC-Alpha-01-Tel,02igL000001HtpBQAS,6.7,62.9,10,264
CNC-Delta-02-Tel,02igL000001HtpCQAS,5.5,50.4,11,300
CNC-Delta-02-Tel,02igL000001HtpDQAS,2.4,56.6,10,122
CNC-Delta-02-Tel,02igL000001HtpEQAS,8.4,63.7,26,435
CNC-Beta-05-Tel,02igL000001HtpFQAS,5,46,5,445
CNC-Delta-02-Tel,02igL000001HtpGQAS,4.8,87.2,24,220
CNC-Gamma-09-Tel,02igL000001HtpHQAS,8.3,50.1,17,646
CNC-Gamma-09-Tel,02igL000001HtpIQAS,5.9,53.6,15,405
CNC-Delta-02-Tel,02igL000001HtpJQAS,7.6,58.1,12,346
CNC-Beta-05-Tel,02igL000001HtpKQAS,5.3,61.1,4,329
CNC-Beta-05-Tel,02igL000001HtpLQAS,7.9,69.7,13,95
CNC-Beta-05-Tel,02igL000001HtpMQAS,4.8,87.5,26,600
CNC-Gamma-09-Tel,02igL000001HtpNQAS,4.3,77.2,15,444
CNC-Gamma-09-Tel,02igL000001HtpOQAS,6.2,40.4,15,490
CNC-Alpha-01-Tel,02igL000001HtpPQAS,9.3,83.6,6,365
CNC-Alpha-01-Tel,02igL000001HtpQQAS,5.9,87.7,12,229
CNC-Alpha-01-Tel,02igL000001Htp7QAC,6.7,57.8,5,284
CNC-Gamma-09-Tel,02igL000001Htp8QAC,7.6,80.9,17,84
CNC-Alpha-01-Tel,02igL000001Htp9QAC,1.9,68.3,6,229
CNC-Delta-02-Tel,02igL000001HtpAQAS,3.3,53,4,214
CNC-Alpha-01-Tel,02igL000001HtpBQAS,7.6,57.3,11,205
CNC-Alpha-01-Tel,02igL000001HtpCQAS,9.3,44.5,26,251
CNC-Alpha-01-Tel,02igL000001HtpDQAS,7.3,63.3,4,665
CNC-Beta-05-Tel,02igL000001HtpEQAS,6.2,65,18,327
CNC-Beta-05-Tel,02igL000001HtpFQAS,1.5,69.7,26,465
CNC-Beta-05-Tel,02igL000001HtpGQAS,3.7,82.1,19,607
CNC-Delta-02-Tel,02igL000001HtpHQAS,7.9,86.9,7,239
CNC-Alpha-01-Tel,02igL000001HtpIQAS,2.9,81.6,5,405
CNC-Gamma-09-Tel,02igL000001HtpJQAS,2.2,46.9,17,361
CNC-Beta-05-Tel,02igL000001HtpKQAS,7.6,67.6,12,100
CNC-Gamma-09-Tel,02igL000001HtpLQAS,4.7,77.2,6,91
CNC-Gamma-09-Tel,02igL000001HtpMQAS,4.5,58.1,4,588
CNC-Gamma-09-Tel,02igL000001HtpNQAS,4.1,59.8,24,732
CNC-Gamma-09-Tel,02igL000001HtpOQAS,2.4,56.6,23,310
CNC-Gamma-09-Tel,02igL000001HtpPQAS,8.1,71.4,5,575
CNC-Gamma-09-Tel,02igL000001HtpQQAS,8.2,40.1,22,668
CNC-Delta-02-Tel,02igL000001Htp7QAC,3.1,50.2,14,553
CNC-Beta-05-Tel,02igL000001Htp8QAC,9.8,40.5,19,584
CNC-Delta-02-Tel,02igL000001Htp9QAC,7.5,84.4,21,384
CNC-Beta-05-Tel,02igL000001HtpAQAS,7.4,76.5,23,717
CNC-Alpha-01-Tel,02igL000001HtpBQAS,6.9,46,3,307
CNC-Delta-02-Tel,02igL000001HtpCQAS,1.8,86.9,18,152
CNC-Delta-02-Tel,02igL000001HtpDQAS,6.5,43.3,11,60
CNC-Gamma-09-Tel,02igL000001HtpEQAS,2.9,64,18,308
CNC-Delta-02-Tel,02igL000001HtpFQAS,7.2,77.2,16,518
CNC-Delta-02-Tel,02igL000001HtpGQAS,5.9,60.3,21,166
CNC-Alpha-01-Tel,02igL000001HtpHQAS,1.7,67.1,8,593
CNC-Gamma-09-Tel,02igL000001HtpIQAS,7.2,81.9,18,607
CNC-Beta-05-Tel,02igL000001HtpJQAS,7.7,49.9,20,705
CNC-Alpha-01-Tel,02igL000001HtpKQAS,7.1,59.2,26,566
CNC-Alpha-01-Tel,02igL000001HtpLQAS,4,82.7,23,621
CNC-Alpha-01-Tel,02igL000001HtpMQAS,9.4,87.5,21,165
CNC-Alpha-01-Tel,02igL000001HtpNQAS,3.8,45.6,5,500
CNC-Delta-02-Tel,02igL000001HtpOQAS,5.6,57,22,216
CNC-Gamma-09-Tel,02igL000001HtpPQAS,9.1,56.7,4,147
CNC-Delta-02-Tel,02igL000001HtpQQAS,6.7,71.8,18,539
CNC-Alpha-01-Tel,02igL000001Htp7QAC,3.6,74.6,13,653
CNC-Gamma-09-Tel,02igL000001Htp8QAC,1.6,67.3,5,335
CNC-Beta-05-Tel,02igL000001Htp9QAC,3.4,52.2,21,642
CNC-Gamma-09-Tel,02igL000001HtpAQAS,8,82,14,266
CNC-Alpha-01-Tel,02igL000001HtpBQAS,7.1,46,21,385
CNC-Alpha-01-Tel,02igL000001HtpCQAS,3.1,67,8,221
CNC-Beta-05-Tel,02igL000001HtpDQAS,9,72.9,12,665
CNC-Gamma-09-Tel,02igL000001HtpEQAS,4.2,78.6,23,131
CNC-Alpha-01-Tel,02igL000001HtpFQAS,4.5,79.4,26,704
CNC-Gamma-09-Tel,02igL000001HtpGQAS,8.4,58.8,9,149
CNC-Beta-05-Tel,02igL000001HtpHQAS,2.6,78.3,13,427
CNC-Alpha-01-Tel,02igL000001HtpIQAS,8.4,54,23,342
CNC-Beta-05-Tel,02igL000001HtpJQAS,8.3,63,11,317
CNC-Beta-05-Tel,02igL000001HtpKQAS,6.7,80.7,6,356
CNC-Beta-05-Tel,02igL000001HtpLQAS,4.2,52.7,17,253
CNC-Beta-05-Tel,02igL000001HtpMQAS,1.9,57.6,7,685
CNC-Beta-05-Tel,02igL000001HtpNQAS,9.7,50.3,5,176
CNC-Alpha-01-Tel,02igL000001HtpOQAS,4.2,86,3,483
CNC-Beta-05-Tel,02igL000001HtpPQAS,3.6,76.3,20,402
CNC-Alpha-01-Tel,02igL000001HtpQQAS,8.5,46.7,9,241
CNC-Delta-02-Tel,02igL000001Htp7QAC,8.4,42.6,3,628
CNC-Gamma-09-Tel,02igL000001Htp8QAC,9.7,64.9,18,589
CNC-Alpha-01-Tel,02igL000001Htp9QAC,9.5,85.4,18,516
CNC-Gamma-09-Tel,02igL000001HtpAQAS,7.5,48.5,21,162
CNC-Beta-05-Tel,02igL000001HtpBQAS,1.6,55.1,6,58
CNC-Beta-05-Tel,02igL000001HtpCQAS,4.7,71.5,22,623
CNC-Beta-05-Tel,02igL000001HtpDQAS,2.7,83.3,5,731
CNC-Alpha-01-Tel,02igL000001HtpEQAS,3.1,74.8,6,244
CNC-Gamma-09-Tel,02igL000001HtpFQAS,8.4,80.3,25,540
CNC-Gamma-09-Tel,02igL000001HtpGQAS,9.1,71.8,5,139
CNC-Alpha-01-Tel,02igL000001HtpHQAS,5.7,75.3,4,60
CNC-Delta-02-Tel,02igL000001HtpIQAS,9.2,42.2,17,66
CNC-Beta-05-Tel,02igL000001HtpJQAS,4.6,48.6,25,683
CNC-Delta-02-Tel,02igL000001HtpKQAS,3.5,69.7,4,650
CNC-Alpha-01-Tel,02igL000001HtpLQAS,9.1,48.1,16,375
CNC-Gamma-09-Tel,02igL000001HtpMQAS,9.3,76.7,4,405
CNC-Beta-05-Tel,02igL000001HtpNQAS,9.5,48.7,11,356
CNC-Delta-02-Tel,02igL000001HtpOQAS,6.1,44.1,24,67
CNC-Beta-05-Tel,02igL000001HtpPQAS,6.2,81.7,26,651
CNC-Alpha-01-Tel,02igL000001HtpQQAS,5.9,81.3,21,115
CNC-Alpha-01-Tel,02igL000001Htp7QAC,3.7,43.8,16,445
CNC-Delta-02-Tel,02igL000001Htp8QAC,8.4,58.2,25,443
CNC-Gamma-09-Tel,02igL000001Htp9QAC,4.6,85.3,18,200
CNC-Delta-02-Tel,02igL000001HtpAQAS,2.3,77.9,9,399
CNC-Alpha-01-Tel,02igL000001HtpBQAS,2.3,85.6,12,196
CNC-Gamma-09-Tel,02igL000001HtpCQAS,8.7,70.3,3,125
CNC-Alpha-01-Tel,02igL000001HtpDQAS,2.9,40,9,66
CNC-Alpha-01-Tel,02igL000001HtpEQAS,8.7,54.2,10,374
CNC-Beta-05-Tel,02igL000001HtpFQAS,8.9,71.9,18,136
CNC-Beta-05-Tel,02igL000001HtpGQAS,6.9,83.2,19,566
CNC-Alpha-01-Tel,02igL000001HtpHQAS,9.2,56.2,8,219
CNC-Gamma-09-Tel,02igL000001HtpIQAS,7.6,73.1,14,178
CNC-Alpha-01-Tel,02igL000001HtpJQAS,6.1,78.6,5,423
CNC-Alpha-01-Tel,02igL000001HtpKQAS,4.9,76,13,647
CNC-Gamma-09-Tel,02igL000001HtpLQAS,2.5,40.7,13,678
CNC-Gamma-09-Tel,02igL000001HtpMQAS,6.8,65.9,13,333
CNC-Gamma-09-Tel,02igL000001HtpNQAS,6.3,68.6,4,442
CNC-Gamma-09-Tel,02igL000001HtpOQAS,7.2,42.8,19,244
CNC-Beta-05-Tel,02igL000001HtpPQAS,9.6,64.4,10,164
CNC-Delta-02-Tel,02igL000001HtpQQAS,3.6,76.3,8,179
CNC-Gamma-09-Tel,02igL000001Htp7QAC,4.3,51.9,8,520
CNC-Delta-02-Tel,02igL000001Htp8QAC,4.2,83.7,3,651
CNC-Beta-05-Tel,02igL000001Htp9QAC,6.7,81.3,3,50
CNC-Alpha-01-Tel,02igL000001HtpAQAS,2.6,71.6,15,297
CNC-Gamma-09-Tel,02igL000001HtpBQAS,9.7,77.9,9,698
CNC-Alpha-01-Tel,02igL000001HtpCQAS,4.4,49,26,358
CNC-Gamma-09-Tel,02igL000001HtpDQAS,4.8,40.2,10,269
CNC-Beta-05-Tel,02igL000001HtpEQAS,5.9,70.2,12,689
CNC-Delta-02-Tel,02igL000001HtpFQAS,1.9,65.1,10,267
CNC-Beta-05-Tel,02igL000001HtpGQAS,6.1,80,12,216
CNC-Delta-02-Tel,02igL000001HtpHQAS,6.7,86.9,17,672
CNC-Alpha-01-Tel,02igL000001HtpIQAS,8.7,69.7,3,514
CNC-Beta-05-Tel,02igL000001HtpJQAS,4,64,24,50
CNC-Beta-05-Tel,02igL000001HtpKQAS,3.5,72.5,4,399
CNC-Gamma-09-Tel,02igL000001HtpLQAS,4.5,79.4,4,348
CNC-Gamma-09-Tel,02igL000001HtpMQAS,6.5,78.4,13,334
CNC-Delta-02-Tel,02igL000001HtpNQAS,1.7,78.4,12,125
CNC-Alpha-01-Tel,02igL000001HtpOQAS,7.2,54.3,25,508
CNC-Gamma-09-Tel,02igL000001HtpPQAS,8.9,59,26,412
CNC-Gamma-09-Tel,02igL000001HtpQQAS,6,65.1,14,294
CNC-Delta-02-Tel,02igL000001Htp7QAC,7.1,70.7,20,209
CNC-Beta-05-Tel,02igL000001Htp8QAC,8.1,46.7,7,58
CNC-Delta-02-Tel,02igL000001Htp9QAC,4.8,64.2,6,650
CNC-Gamma-09-Tel,02igL000001HtpAQAS,8.8,57,15,459
CNC-Alpha-01-Tel,02igL000001HtpBQAS,8.8,64.1,21,348
CNC-Gamma-09-Tel,02igL000001HtpCQAS,6.2,83.7,25,309
CNC-Beta-05-Tel,02igL000001HtpDQAS,6.6,61.4,26,83
CNC-Alpha-01-Tel,02igL000001HtpEQAS,7.6,46.1,23,654
CNC-Alpha-01-Tel,02igL000001HtpFQAS,6.7,79.7,4,437
CNC-Beta-05-Tel,02igL000001HtpGQAS,6.8,56.5,17,149
CNC-Gamma-09-Tel,02igL000001HtpHQAS,7.1,74.8,10,79
CNC-Beta-05-Tel,02igL000001HtpIQAS,4.7,68.9,4,241
CNC-Beta-05-Tel,02igL000001HtpJQAS,9.7,81.1,3,394
CNC-Delta-02-Tel,02igL000001HtpKQAS,6.7,64,19,628
CNC-Beta-05-Tel,02igL000001HtpLQAS,8.5,46.2,15,79
CNC-Beta-05-Tel,02igL000001HtpMQAS,7.6,82.2,21,546
CNC-Gamma-09-Tel,02igL000001HtpNQAS,5.5,59.2,26,478
CNC-Delta-02-Tel,02igL000001HtpOQAS,6.1,40.6,12,164
CNC-Delta-02-Tel,02igL000001HtpPQAS,2.4,47.9,8,606
CNC-Alpha-01-Tel,02igL000001HtpQQAS,5.8,76,18,663
CNC-Delta-02-Tel,02igL000001Htp7QAC,3.6,43.1,22,593
CNC-Alpha-01-Tel,02igL000001Htp8QAC,3.8,83.1,13,274
CNC-Alpha-01-Tel,02igL000001Htp9QAC,9.2,58.6,11,463
CNC-Delta-02-Tel,02igL000001HtpAQAS,7.7,60.6,6,664
CNC-Alpha-01-Tel,02igL000001HtpBQAS,3.8,71.5,17,545
CNC-Gamma-09-Tel,02igL000001HtpCQAS,5,70.8,21,714
CNC-Beta-05-Tel,02igL000001HtpDQAS,5.3,89,22,241
CNC-Beta-05-Tel,02igL000001HtpEQAS,7.6,83.2,20,392
CNC-Gamma-09-Tel,02igL000001HtpFQAS,3.7,80.6,11,287
CNC-Beta-05-Tel,02igL000001HtpGQAS,3.6,78.2,25,41
CNC-Gamma-09-Tel,02igL000001HtpHQAS,5.4,72.3,22,689
CNC-Delta-02-Tel,02igL000001HtpIQAS,8.2,84.4,4,544
CNC-Alpha-01-Tel,02igL000001HtpJQAS,6,85.7,20,440
CNC-Gamma-09-Tel,02igL000001HtpKQAS,4.8,56.3,10,279
CNC-Beta-05-Tel,02igL000001HtpLQAS,1.9,82.6,22,172
CNC-Alpha-01-Tel,02igL000001HtpMQAS,6.1,49.2,21,323
CNC-Delta-02-Tel,02igL000001HtpNQAS,5.9,68.1,18,179
CNC-Delta-02-Tel,02igL000001HtpOQAS,4.2,61.9,18,672
CNC-Alpha-01-Tel,02igL000001HtpPQAS,8.2,47.9,25,439
CNC-Alpha-01-Tel,02igL000001HtpQQAS,3.7,75.2,13,299
CNC-Alpha-01-Tel,02igL000001Htp7QAC,3.2,51.4,7,429
CNC-Beta-05-Tel,02igL000001Htp8QAC,8.1,72.3,13,674
CNC-Beta-05-Tel,02igL000001Htp9QAC,6.4,88.5,7,220
CNC-Alpha-01-Tel,02igL000001HtpAQAS,3.7,51.9,10,684
CNC-Beta-05-Tel,02igL000001HtpBQAS,3.2,43.6,26,49
CNC-Delta-02-Tel,02igL000001HtpCQAS,6.5,43.9,6,486
CNC-Alpha-01-Tel,02igL000001HtpDQAS,3.7,85.7,20,304
CNC-Delta-02-Tel,02igL000001HtpEQAS,4.8,54.2,18,594
CNC-Alpha-01-Tel,02igL000001HtpFQAS,2.5,66.6,23,52
CNC-Alpha-01-Tel,02igL000001HtpGQAS,7.6,67.9,25,126
CNC-Delta-02-Tel,02igL000001HtpHQAS,7,57.7,13,643
CNC-Alpha-01-Tel,02igL000001HtpIQAS,6.8,41.5,5,504
CNC-Delta-02-Tel,02igL000001HtpJQAS,9.4,74,15,58
CNC-Delta-02-Tel,02igL000001HtpKQAS,5.1,53.3,26,311
CNC-Alpha-01-Tel,02igL000001HtpLQAS,8.1,79.9,6,653
CNC-Delta-02-Tel,02igL000001HtpMQAS,8.7,78.4,13,286
CNC-Beta-05-Tel,02igL000001HtpNQAS,8.7,52.3,9,568
CNC-Beta-05-Tel,02igL000001HtpOQAS,5.5,74.7,6,654
CNC-Beta-05-Tel,02igL000001HtpPQAS,4.4,63.2,26,570
CNC-Beta-05-Tel,02igL000001HtpQQAS,1.9,52,8,353
CNC-Beta-05-Tel,02igL000001Htp7QAC,4.1,88.4,10,537
CNC-Alpha-01-Tel,02igL000001Htp8QAC,9.1,44.3,3,154
CNC-Delta-02-Tel,02igL000001Htp9QAC,9.4,41.5,18,498
CNC-Gamma-09-Tel,02igL000001HtpAQAS,9.5,83.9,9,270
CNC-Alpha-01-Tel,02igL000001HtpBQAS,5.7,82.4,13,708
CNC-Alpha-01-Tel,02igL000001HtpCQAS,3.8,47.2,25,732
CNC-Gamma-09-Tel,02igL000001HtpDQAS,7.3,53.1,5,645
CNC-Gamma-09-Tel,02igL000001HtpEQAS,9.6,80.9,14,486
CNC-Gamma-09-Tel,02igL000001HtpFQAS,6.8,52.8,16,689
CNC-Gamma-09-Tel,02igL000001HtpGQAS,3.2,82.7,21,130
CNC-Gamma-09-Tel,02igL000001HtpHQAS,3.7,74.4,22,365
CNC-Beta-05-Tel,02igL000001HtpIQAS,4.5,70.7,22,138
CNC-Alpha-01-Tel,02igL000001HtpJQAS,8.2,51.8,14,437
CNC-Delta-02-Tel,02igL000001HtpKQAS,4.6,50,17,61
CNC-Beta-05-Tel,02igL000001HtpLQAS,2.8,48.6,25,639
CNC-Alpha-01-Tel,02igL000001HtpMQAS,4.5,45,8,247
CNC-Alpha-01-Tel,02igL000001HtpNQAS,5,76.8,9,59
CNC-Delta-02-Tel,02igL000001HtpOQAS,5.9,40.5,26,308
CNC-Beta-05-Tel,02igL000001HtpPQAS,6.5,68.8,15,377
CNC-Alpha-01-Tel,02igL000001HtpQQAS,7.2,40.5,10,422
CNC-Beta-05-Tel,02igL000001Htp7QAC,4.3,60.8,4,244
CNC-Delta-02-Tel,02igL000001Htp8QAC,4.1,60.4,26,323
CNC-Delta-02-Tel,02igL000001Htp9QAC,6,52.3,20,646
CNC-Beta-05-Tel,02igL000001HtpAQAS,2.5,63.3,23,615
CNC-Delta-02-Tel,02igL000001HtpBQAS,5.4,71.8,14,719
CNC-Alpha-01-Tel,02igL000001HtpCQAS,1.8,45.6,20,564
CNC-Delta-02-Tel,02igL000001HtpDQAS,2.9,54.2,10,375
CNC-Alpha-01-Tel,02igL000001HtpEQAS,3.5,56,19,372
CNC-Gamma-09-Tel,02igL000001HtpFQAS,2.9,53.3,14,727
CNC-Gamma-09-Tel,02igL000001HtpGQAS,5.5,76.6,3,468
CNC-Beta-05-Tel,02igL000001HtpHQAS,9.4,52.4,10,740
CNC-Delta-02-Tel,02igL000001HtpIQAS,3.5,85.5,22,364
CNC-Alpha-01-Tel,02igL000001HtpJQAS,9.7,52.9,12,638
CNC-Beta-05-Tel,02igL000001HtpKQAS,2,58.3,10,718
CNC-Alpha-01-Tel,02igL000001HtpLQAS,9.8,62.5,16,136
CNC-Alpha-01-Tel,02igL000001HtpMQAS,8.6,73.3,3,348
CNC-Gamma-09-Tel,02igL000001HtpNQAS,9.8,63.9,4,735
CNC-Beta-05-Tel,02igL000001HtpOQAS,6.8,85.1,5,88
CNC-Delta-02-Tel,02igL000001HtpPQAS,6.5,64.8,21,477
CNC-Alpha-01-Tel,02igL000001HtpQQAS,6.8,47.9,20,275
CNC-Delta-02-Tel,02igL000001Htp7QAC,2.7,49.6,15,296
CNC-Alpha-01-Tel,02igL000001Htp8QAC,8.1,68.2,22,525
CNC-Delta-02-Tel,02igL000001Htp9QAC,8.6,59.1,4,281
CNC-Beta-05-Tel,02igL000001HtpAQAS,5.5,63.4,7,144
CNC-Gamma-09-Tel,02igL000001HtpBQAS,4.4,49.8,12,310
CNC-Delta-02-Tel,02igL000001HtpCQAS,2.7,75.8,17,722
CNC-Gamma-09-Tel,02igL000001HtpDQAS,8.1,79.6,5,248
CNC-Delta-02-Tel,02igL000001HtpEQAS,2,47.8,6,393
CNC-Gamma-09-Tel,02igL000001HtpFQAS,3.4,87.9,23,622
CNC-Delta-02-Tel,02igL000001HtpGQAS,8.2,86.4,14,604
CNC-Gamma-09-Tel,02igL000001HtpHQAS,8.7,68.3,20,114
CNC-Beta-05-Tel,02igL000001HtpIQAS,3.6,47.1,21,254
CNC-Alpha-01-Tel,02igL000001HtpJQAS,6.9,65.9,20,219
CNC-Beta-05-Tel,02igL000001HtpKQAS,9.4,55.8,5,103
CNC-Gamma-09-Tel,02igL000001HtpLQAS,8.5,84.2,21,151
CNC-Delta-02-Tel,02igL000001HtpMQAS,1.9,48,20,347
CNC-Delta-02-Tel,02igL000001HtpNQAS,8.4,76.3,12,355
CNC-Delta-02-Tel,02igL000001HtpOQAS,5.5,73.1,8,55
CNC-Gamma-09-Tel,02igL000001HtpPQAS,7,87,21,639
CNC-Alpha-01-Tel,02igL000001HtpQQAS,7.4,54,23,442
CNC-Beta-05-Tel,02igL000001Htp7QAC,3.9,57.6,10,350
CNC-Alpha-01-Tel,02igL000001Htp8QAC,7.8,55.7,23,358
CNC-Gamma-09-Tel,02igL000001Htp9QAC,6.5,48.1,19,586
CNC-Beta-05-Tel,02igL000001HtpAQAS,2.7,86.2,12,406
CNC-Alpha-01-Tel,02igL000001HtpBQAS,4,53.9,23,315
CNC-Delta-02-Tel,02igL000001HtpCQAS,3,46,24,271
CNC-Gamma-09-Tel,02igL000001HtpDQAS,8.3,81.1,23,728
CNC-Alpha-01-Tel,02igL000001HtpEQAS,3.5,61.2,13,93
CNC-Gamma-09-Tel,02igL000001HtpFQAS,3.7,82.9,3,128
CNC-Beta-05-Tel,02igL000001HtpGQAS,6.2,55.5,24,405
CNC-Alpha-01-Tel,02igL000001HtpHQAS,9.4,84.6,19,69
CNC-Delta-02-Tel,02igL000001HtpIQAS,5.4,43.4,9,62
CNC-Beta-05-Tel,02igL000001HtpJQAS,8.1,87.4,14,300
CNC-Alpha-01-Tel,02igL000001HtpKQAS,6.4,76,18,231
CNC-Delta-02-Tel,02igL000001HtpLQAS,4.3,58.4,16,466
CNC-Delta-02-Tel,02igL000001HtpMQAS,4.4,55.3,15,341
CNC-Gamma-09-Tel,02igL000001HtpNQAS,7.9,45,16,738
CNC-Alpha-01-Tel,02igL000001HtpOQAS,9.7,45.7,21,545
CNC-Beta-05-Tel,02igL000001HtpPQAS,2,67.4,14,717
CNC-Gamma-09-Tel,02igL000001HtpQQAS,6.1,80.7,9,237
CNC-Alpha-01-Tel,02igL000001Htp7QAC,5.3,57.1,22,385
CNC-Beta-05-Tel,02igL000001Htp8QAC,1.6,73.9,15,542
CNC-Delta-02-Tel,02igL000001Htp9QAC,7.4,50.3,9,626
CNC-Delta-02-Tel,02igL000001HtpAQAS,4.6,89.8,19,196
CNC-Alpha-01-Tel,02igL000001HtpBQAS,9.8,42.6,6,112
CNC-Alpha-01-Tel,02igL000001HtpCQAS,9.8,85.6,10,327
CNC-Beta-05-Tel,02igL000001HtpDQAS,2.1,71,15,228
CNC-Beta-05-Tel,02igL000001HtpEQAS,3.1,85,14,417
CNC-Delta-02-Tel,02igL000001HtpFQAS,3.4,62.4,15,727
CNC-Gamma-09-Tel,02igL000001HtpGQAS,9.4,68.3,5,243
CNC-Beta-05-Tel,02igL000001HtpHQAS,4.5,71.8,19,118
CNC-Gamma-09-Tel,02igL000001HtpIQAS,7,53.5,6,635
CNC-Delta-02-Tel,02igL000001HtpJQAS,2.8,79.4,7,701
CNC-Beta-05-Tel,02igL000001HtpKQAS,6.8,63.8,4,451
CNC-Gamma-09-Tel,02igL000001HtpLQAS,3.1,81.6,8,656
CNC-Delta-02-Tel,02igL000001HtpMQAS,7.9,60.7,14,573
CNC-Alpha-01-Tel,02igL000001HtpNQAS,4.9,72.1,4,608
CNC-Gamma-09-Tel,02igL000001HtpOQAS,2.1,57.6,18,410
CNC-Beta-05-Tel,02igL000001HtpPQAS,7.1,70.5,21,395
CNC-Alpha-01-Tel,02igL000001HtpQQAS,2.4,87,13,447
CNC-Delta-02-Tel,02igL000001Htp7QAC,8,51.2,22,730
CNC-Beta-05-Tel,02igL000001Htp8QAC,9.3,78.6,17,665
CNC-Delta-02-Tel,02igL000001Htp9QAC,5.2,75.6,21,587
CNC-Delta-02-Tel,02igL000001HtpAQAS,9.4,57.5,4,50
CNC-Alpha-01-Tel,02igL000001HtpBQAS,4.1,81.3,24,248
CNC-Beta-05-Tel,02igL000001HtpCQAS,5.4,46.2,6,553
CNC-Beta-05-Tel,02igL000001HtpDQAS,6.5,79.5,6,373
CNC-Gamma-09-Tel,02igL000001HtpEQAS,9.6,78.1,26,217
CNC-Alpha-01-Tel,02igL000001HtpFQAS,8.5,43.6,19,76
CNC-Gamma-09-Tel,02igL000001HtpGQAS,6.1,52.8,14,336
CNC-Delta-02-Tel,02igL000001HtpHQAS,5.6,88.6,9,686
CNC-Beta-05-Tel,02igL000001HtpIQAS,8.9,52.8,3,212
CNC-Beta-05-Tel,02igL000001HtpJQAS,6.4,48.3,8,128
CNC-Alpha-01-Tel,02igL000001HtpKQAS,2.8,54.8,15,77
CNC-Alpha-01-Tel,02igL000001HtpLQAS,3.8,59.5,5,148
CNC-Delta-02-Tel,02igL000001HtpMQAS,7.5,59.2,8,477
CNC-Beta-05-Tel,02igL000001HtpNQAS,3.1,45.1,5,340
CNC-Delta-02-Tel,02igL000001HtpOQAS,4.7,80.3,17,702
CNC-Alpha-01-Tel,02igL000001HtpPQAS,5.7,72.9,15,556
CNC-Delta-02-Tel,02igL000001HtpQQAS,2.7,67.6,22,376
CNC-Delta-02-Tel,02igL000001Htp7QAC,2.2,79.2,8,626
CNC-Gamma-09-Tel,02igL000001Htp8QAC,6.3,62,19,402
CNC-Beta-05-Tel,02igL000001Htp9QAC,4.5,72,5,580
CNC-Gamma-09-Tel,02igL000001HtpAQAS,2.5,40.7,25,469
CNC-Beta-05-Tel,02igL000001HtpBQAS,5.6,61,13,155
CNC-Alpha-01-Tel,02igL000001HtpCQAS,2.2,74.5,25,142
CNC-Beta-05-Tel,02igL000001HtpDQAS,3.6,76.2,17,435
CNC-Alpha-01-Tel,02igL000001HtpEQAS,4.7,77.6,13,79
CNC-Delta-02-Tel,02igL000001HtpFQAS,7.4,80.6,8,74
CNC-Alpha-01-Tel,02igL000001HtpGQAS,5.4,70.6,11,521
CNC-Beta-05-Tel,02igL000001HtpHQAS,7.6,52.3,22,259
CNC-Alpha-01-Tel,02igL000001HtpIQAS,3.4,63.8,23,169
CNC-Delta-02-Tel,02igL000001HtpJQAS,1.9,42.7,14,415
CNC-Alpha-01-Tel,02igL000001HtpKQAS,8.2,71.2,13,85
CNC-Delta-02-Tel,02igL000001HtpLQAS,1.6,40.9,19,448
CNC-Delta-02-Tel,02igL000001HtpMQAS,8,79.5,20,361
CNC-Beta-05-Tel,02igL000001HtpNQAS,6,53.6,11,123
CNC-Gamma-09-Tel,02igL000001HtpOQAS,5,75.3,17,699
CNC-Gamma-09-Tel,02igL000001HtpPQAS,6.3,40.8,15,694
CNC-Beta-05-Tel,02igL000001HtpQQAS,8.4,48.1,13,362
CNC-Delta-02-Tel,02igL000001Htp7QAC,7.7,60.2,15,288
CNC-Gamma-09-Tel,02igL000001Htp8QAC,4.1,69.1,21,745
CNC-Gamma-09-Tel,02igL000001Htp9QAC,5.5,63.2,17,287
CNC-Delta-02-Tel,02igL000001HtpAQAS,9.7,62.3,11,452
CNC-Gamma-09-Tel,02igL000001HtpBQAS,8.3,86.1,17,739
CNC-Delta-02-Tel,02igL000001HtpCQAS,9.6,62.4,21,322
CNC-Alpha-01-Tel,02igL000001HtpDQAS,6.1,63,14,441
CNC-Gamma-09-Tel,02igL000001HtpEQAS,8,75,14,54
CNC-Beta-05-Tel,02igL000001HtpFQAS,3.9,77.5,11,729
CNC-Delta-02-Tel,02igL000001HtpGQAS,7.8,47.5,3,71
CNC-Delta-02-Tel,02igL000001HtpHQAS,5,50.7,20,489
CNC-Alpha-01-Tel,02igL000001HtpIQAS,2,88.3,4,701
CNC-Gamma-09-Tel,02igL000001HtpJQAS,7.6,47.3,5,543
CNC-Gamma-09-Tel,02igL000001HtpKQAS,2.4,62.9,19,280
CNC-Beta-05-Tel,02igL000001HtpLQAS,1.6,40.6,11,456
CNC-Gamma-09-Tel,02igL000001HtpMQAS,9.2,42.3,7,64
CNC-Gamma-09-Tel,02igL000001HtpNQAS,4.5,50.7,17,446
CNC-Delta-02-Tel,02igL000001HtpOQAS,5.9,90,13,659
CNC-Delta-02-Tel,02igL000001HtpPQAS,4.3,41.4,6,606
CNC-Beta-05-Tel,02igL000001HtpQQAS,4.6,84,18,625
CNC-Beta-05-Tel,02igL000001Htp7QAC,9.3,47,10,112
CNC-Delta-02-Tel,02igL000001Htp8QAC,4.7,52.3,8,73
CNC-Gamma-09-Tel,02igL000001Htp9QAC,1.7,80,26,93
CNC-Beta-05-Tel,02igL000001HtpAQAS,5.9,89.2,26,389
CNC-Gamma-09-Tel,02igL000001HtpBQAS,3.3,65.4,14,454
CNC-Alpha-01-Tel,02igL000001HtpCQAS,2.8,89.5,3,482
CNC-Delta-02-Tel,02igL000001HtpDQAS,4.2,55,7,322
CNC-Beta-05-Tel,02igL000001HtpEQAS,2.5,83.4,14,414
CNC-Gamma-09-Tel,02igL000001HtpFQAS,1.7,43.9,13,742
CNC-Beta-05-Tel,02igL000001HtpGQAS,7,88.3,20,526
CNC-Gamma-09-Tel,02igL000001HtpHQAS,8.7,61.7,21,70
CNC-Beta-05-Tel,02igL000001HtpIQAS,4.3,59.5,26,452
CNC-Beta-05-Tel,02igL000001HtpJQAS,3.7,78.3,14,193
CNC-Delta-02-Tel,02igL000001HtpKQAS,4.7,55.4,25,256
CNC-Alpha-01-Tel,02igL000001HtpLQAS,3.6,71.8,16,534
CNC-Beta-05-Tel,02igL000001HtpMQAS,2.4,49.3,23,684
CNC-Delta-02-Tel,02igL000001HtpNQAS,4.4,88.1,12,416
CNC-Alpha-01-Tel,02igL000001HtpOQAS,5.1,81.1,14,545
CNC-Delta-02-Tel,02igL000001HtpPQAS,9.2,82.2,24,383
CNC-Gamma-09-Tel,02igL000001HtpQQAS,2.6,80.7,20,381
CNC-Gamma-09-Tel,02igL000001Htp7QAC,6.4,72,20,97
CNC-Beta-05-Tel,02igL000001Htp8QAC,5.7,64.1,5,103
CNC-Beta-05-Tel,02igL000001Htp9QAC,8.9,52.5,5,456
CNC-Delta-02-Tel,02igL000001HtpAQAS,9.4,65.5,13,336
CNC-Delta-02-Tel,02igL000001HtpBQAS,7.7,61.1,13,389
CNC-Alpha-01-Tel,02igL000001HtpCQAS,6.6,50.7,25,387
CNC-Gamma-09-Tel,02igL000001HtpDQAS,9.7,44.3,21,370
CNC-Gamma-09-Tel,02igL000001HtpEQAS,6.2,41.6,23,624
CNC-Alpha-01-Tel,02igL000001HtpFQAS,5.8,77.8,17,121
CNC-Delta-02-Tel,02igL000001HtpGQAS,3.4,59.8,15,627
CNC-Beta-05-Tel,02igL000001HtpHQAS,2.7,75.1,12,305
CNC-Alpha-01-Tel,02igL000001HtpIQAS,9.1,64.2,3,626
CNC-Delta-02-Tel,02igL000001HtpJQAS,2.7,57.4,19,171
CNC-Delta-02-Tel,02igL000001HtpKQAS,4.5,78.5,26,55
CNC-Delta-02-Tel,02igL000001HtpLQAS,4.1,62.6,13,547
CNC-Delta-02-Tel,02igL000001HtpMQAS,9.2,44,12,570
CNC-Alpha-01-Tel,02igL000001HtpNQAS,5.3,66.2,9,424
CNC-Beta-05-Tel,02igL000001HtpOQAS,5.1,52.4,3,515
CNC-Beta-05-Tel,02igL000001HtpPQAS,1.6,61.3,5,289
CNC-Beta-05-Tel,02igL000001HtpQQAS,1.9,49.4,14,443
CNC-Delta-02-Tel,02igL000001Htp7QAC,1.7,74.8,17,41
CNC-Delta-02-Tel,02igL000001Htp8QAC,3.5,81.1,14,144
CNC-Delta-02-Tel,02igL000001Htp9QAC,6.5,66.6,11,276
CNC-Delta-02-Tel,02igL000001HtpAQAS,3.7,69.7,7,418
CNC-Delta-02-Tel,02igL000001HtpBQAS,5.3,59.6,25,135
CNC-Delta-02-Tel,02igL000001HtpCQAS,8.6,72.2,16,457
CNC-Alpha-01-Tel,02igL000001HtpDQAS,5,41.3,11,691
CNC-Alpha-01-Tel,02igL000001HtpEQAS,4,74.3,3,110
CNC-Gamma-09-Tel,02igL000001HtpFQAS,3.9,69.9,13,314
CNC-Gamma-09-Tel,02igL000001HtpGQAS,9.1,68.4,22,154
CNC-Delta-02-Tel,02igL000001HtpHQAS,8.6,50.3,8,263
CNC-Beta-05-Tel,02igL000001HtpIQAS,5,89.9,26,114
CNC-Beta-05-Tel,02igL000001HtpJQAS,8.6,71.6,22,410
CNC-Beta-05-Tel,02igL000001HtpKQAS,2.9,59.4,11,182
CNC-Gamma-09-Tel,02igL000001HtpLQAS,3.7,68.7,11,299
CNC-Beta-05-Tel,02igL000001HtpMQAS,5.6,43.8,3,155
CNC-Delta-02-Tel,02igL000001HtpNQAS,3.5,62,21,706
CNC-Gamma-09-Tel,02igL000001HtpOQAS,4.9,62,22,742
CNC-Beta-05-Tel,02igL000001HtpPQAS,8.8,55.5,20,558
CNC-Beta-05-Tel,02igL000001HtpQQAS,5.1,50.3,15,312
CNC-Alpha-01-Tel,02igL000001Htp7QAC,5.4,63.4,19,719
CNC-Gamma-09-Tel,02igL000001Htp8QAC,5.3,52.9,24,432
CNC-Delta-02-Tel,02igL000001Htp9QAC,6.7,51.4,10,316
CNC-Delta-02-Tel,02igL000001HtpAQAS,3.1,55.5,5,614
CNC-Delta-02-Tel,02igL000001HtpBQAS,5.9,80,9,323
CNC-Gamma-09-Tel,02igL000001HtpCQAS,2.7,88.5,7,737
CNC-Delta-02-Tel,02igL000001HtpDQAS,6.1,52.2,19,330
CNC-Beta-05-Tel,02igL000001HtpEQAS,4.2,77.7,20,515
CNC-Beta-05-Tel,02igL000001HtpFQAS,3,57.3,5,445
CNC-Delta-02-Tel,02igL000001HtpGQAS,8.5,43.8,21,313
CNC-Beta-05-Tel,02igL000001HtpHQAS,5.6,75.4,3,98
CNC-Gamma-09-Tel,02igL000001HtpIQAS,1.7,88.4,7,591
CNC-Alpha-01-Tel,02igL000001HtpJQAS,4.3,64,12,645
CNC-Beta-05-Tel,02igL000001HtpKQAS,8.2,76.3,8,534
CNC-Gamma-09-Tel,02igL000001HtpLQAS,6.6,64.6,13,261
CNC-Beta-05-Tel,02igL000001HtpMQAS,3.5,79.6,13,677
CNC-Gamma-09-Tel,02igL000001HtpNQAS,5.7,76.4,10,626
CNC-Delta-02-Tel,02igL000001HtpOQAS,6.8,62.6,6,265
CNC-Beta-05-Tel,02igL000001HtpPQAS,3,65,6,427
CNC-Beta-05-Tel,02igL000001HtpQQAS,8.4,52.6,20,428
CNC-Beta-05-Tel,02igL000001Htp7QAC,5.6,74.1,25,490
CNC-Delta-02-Tel,02igL000001Htp8QAC,6,89.5,8,669
CNC-Delta-02-Tel,02igL000001Htp9QAC,7.8,65.7,26,491
CNC-Alpha-01-Tel,02igL000001HtpAQAS,4.5,45.5,8,452
CNC-Delta-02-Tel,02igL000001HtpBQAS,8.4,51.1,21,149
CNC-Alpha-01-Tel,02igL000001HtpCQAS,4.9,41.4,26,147
CNC-Beta-05-Tel,02igL000001HtpDQAS,7.6,87.7,12,237
CNC-Gamma-09-Tel,02igL000001HtpEQAS,4.8,68.8,13,85
CNC-Alpha-01-Tel,02igL000001HtpFQAS,6,51.3,20,518
CNC-Alpha-01-Tel,02igL000001HtpGQAS,4,50.1,22,226
CNC-Delta-02-Tel,02igL000001HtpHQAS,6.2,46.9,16,192
CNC-Alpha-01-Tel,02igL000001HtpIQAS,7.3,58.2,22,450
CNC-Gamma-09-Tel,02igL000001HtpJQAS,9.2,54.1,5,518
CNC-Alpha-01-Tel,02igL000001HtpKQAS,9.6,60.4,12,719
CNC-Beta-05-Tel,02igL000001HtpLQAS,5.8,53.7,21,295
CNC-Gamma-09-Tel,02igL000001HtpMQAS,5.1,41.1,13,495
CNC-Alpha-01-Tel,02igL000001HtpNQAS,9.2,70.3,6,568
CNC-Gamma-09-Tel,02igL000001HtpOQAS,2,81.3,13,482
CNC-Delta-02-Tel,02igL000001HtpPQAS,6.9,73.8,23,70
CNC-Alpha-01-Tel,02igL000001HtpQQAS,7.2,84.6,15,610
CNC-Delta-02-Tel,02igL000001Htp7QAC,9.3,46.1,7,193
CNC-Alpha-01-Tel,02igL000001Htp8QAC,2.2,72,4,523
CNC-Gamma-09-Tel,02igL000001Htp9QAC,6.9,72.5,15,587
CNC-Alpha-01-Tel,02igL000001HtpAQAS,5.7,84.3,11,476
CNC-Delta-02-Tel,02igL000001HtpBQAS,1.9,51.3,9,182
CNC-Alpha-01-Tel,02igL000001HtpCQAS,5.9,78,11,336
CNC-Delta-02-Tel,02igL000001HtpDQAS,6,89.8,15,244
CNC-Delta-02-Tel,02igL000001HtpEQAS,3.3,73.4,10,696
CNC-Gamma-09-Tel,02igL000001HtpFQAS,8.9,86.6,6,380
CNC-Beta-05-Tel,02igL000001HtpGQAS,2.4,87.8,9,316
CNC-Gamma-09-Tel,02igL000001HtpHQAS,3.9,73.6,5,480
CNC-Delta-02-Tel,02igL000001HtpIQAS,9.7,87.7,19,704
CNC-Alpha-01-Tel,02igL000001HtpJQAS,8.2,67.5,9,174
CNC-Delta-02-Tel,02igL000001HtpKQAS,7.4,90,21,411
CNC-Alpha-01-Tel,02igL000001HtpLQAS,9.4,51.1,22,215
CNC-Alpha-01-Tel,02igL000001HtpMQAS,2.6,47.7,13,168
CNC-Beta-05-Tel,02igL000001HtpNQAS,5.2,73.1,24,102
CNC-Gamma-09-Tel,02igL000001HtpOQAS,9,48.9,6,664
CNC-Beta-05-Tel,02igL000001HtpPQAS,6.5,43,23,718
CNC-Gamma-09-Tel,02igL000001HtpQQAS,7.9,48.7,16,438
CNC-Alpha-01-Tel,02igL000001Htp7QAC,9.3,66.2,4,64
CNC-Gamma-09-Tel,02igL000001Htp8QAC,8.7,74,12,116
CNC-Gamma-09-Tel,02igL000001Htp9QAC,3.2,63.2,13,459
CNC-Delta-02-Tel,02igL000001HtpAQAS,4.4,75.5,13,408
CNC-Beta-05-Tel,02igL000001HtpBQAS,5.1,62.2,26,244
CNC-Gamma-09-Tel,02igL000001HtpCQAS,4.7,72.8,4,460
CNC-Delta-02-Tel,02igL000001HtpDQAS,6.2,44.7,6,557
CNC-Beta-05-Tel,02igL000001HtpEQAS,5.9,57.8,14,321
CNC-Delta-02-Tel,02igL000001HtpFQAS,5.1,72.2,6,685
CNC-Beta-05-Tel,02igL000001HtpGQAS,3.1,55.5,24,243
